"FB","Species","emmean","se","df","conf.low","conf.high","method"
9.06033333333333,"Andropogon glomeratus",83.4759181180919,7.64643075140824,80,68.2590359765592,98.6928002596246,"Emmeans test"
9.06033333333333,"Andropogon ternarius",72.479893592545,7.8495603663632,80,56.858770634517,88.1010165505731,"Emmeans test"
9.06033333333333,"Andropogon virginicus",95.1309009853332,6.93106490108931,80,81.3376422553348,108.924159715332,"Emmeans test"
9.06033333333333,"Aristida beyrichiana",105.101312979937,6.81168488619572,80,91.5456280508069,118.656997909067,"Emmeans test"
9.06033333333333,"Eragrostis spectabilis",67.0709082666158,7.23051807770683,80,52.6817187234524,81.4600978097792,"Emmeans test"
9.06033333333333,"Eustachys petraea",72.8136564100566,6.88242610066338,80,59.1171919776395,86.5101208424736,"Emmeans test"
9.06033333333333,"Schizachyrium stoloniferum",70.1613783832503,6.9008368523179,80,56.4282753874078,83.8944813790928,"Emmeans test"
9.06033333333333,"Sorghastrum secundum",97.244714643593,7.41664693044815,80,82.4851168789491,112.004312408237,"Emmeans test"
9.06033333333333,"Sprobulus juncus",93.821316620578,6.75023433874272,80,80.3879221781505,107.254711063006,"Emmeans test"
