"FB","Species","emmean","se","df","conf.low","conf.high","method"
3.56844444444444,"Andropogon glomeratus",83.4770228497198,7.64685710960214,80,68.259292228341,98.6947534710985,"Emmeans test"
3.56844444444444,"Andropogon ternarius",72.4854235886025,7.85171951380474,80,56.86000379023,88.1108433869751,"Emmeans test"
3.56844444444444,"Andropogon virginicus",95.1271763842561,6.9308801035913,80,81.3342854129988,108.920067355513,"Emmeans test"
3.56844444444444,"Aristida beyrichiana",105.095333243906,6.8123196684618,80,91.5383850578077,118.652281430004,"Emmeans test"
3.56844444444444,"Eragrostis spectabilis",67.0695020184273,7.23070350753847,80,52.6799434581388,81.4590605787159,"Emmeans test"
3.56844444444444,"Eustachys petraea",72.8220827870374,6.88178162063831,80,59.1269009107439,86.5172646633308,"Emmeans test"
3.56844444444444,"Schizachyrium stoloniferum",70.1615559983089,6.90108563050283,80,56.4279579181006,83.8951540785173,"Emmeans test"
3.56844444444444,"Sorghastrum secundum",97.2454070687516,7.41705123620568,80,82.4850047100086,112.005809427495,"Emmeans test"
3.56844444444444,"Sprobulus juncus",93.8164960609913,6.75057703414099,80,80.382419632987,107.250572488996,"Emmeans test"
