"FB","Species","emmean","se","df","conf.low","conf.high","method"
3.56844444444444,"Andropogon glomeratus",38.8325160934836,1.86404410761106,80,35.1229500993219,42.5420820876453,"Emmeans test"
3.56844444444444,"Andropogon ternarius",43.6276593635472,1.91398260547385,80,39.8187125914764,47.436606135618,"Emmeans test"
3.56844444444444,"Andropogon virginicus",37.1904529337731,1.68951322517001,80,33.8282144646367,40.5526914029096,"Emmeans test"
3.56844444444444,"Aristida beyrichiana",44.3111577520865,1.66061221690853,80,41.0064341223286,47.6158813818444,"Emmeans test"
3.56844444444444,"Eragrostis spectabilis",48.6485117727039,1.76259999028686,80,45.1408260057306,52.1561975396772,"Emmeans test"
3.56844444444444,"Eustachys petraea",43.3362886541098,1.67754468220793,80,39.9978683445279,46.6747089636917,"Emmeans test"
3.56844444444444,"Schizachyrium stoloniferum",38.2244597321781,1.68225034432839,80,34.8766748565375,41.5722446078187,"Emmeans test"
3.56844444444444,"Sorghastrum secundum",32.1532665265659,1.80802523893609,80,28.5551816338543,35.7513514192774,"Emmeans test"
3.56844444444444,"Sprobulus juncus",40.9596871715519,1.64556145918618,80,37.6849155041994,44.2344588389044,"Emmeans test"
