"FB","Species","emmean","se","df","conf.low","conf.high","method"
9.06033333333333,"Andropogon glomeratus",38.8312233628389,1.86404432679335,80,35.1216569324906,42.5407897931872,"Emmeans test"
9.06033333333333,"Andropogon ternarius",43.632786915916,1.91356319627252,80,39.8246747947553,47.4408990370767,"Emmeans test"
9.06033333333333,"Andropogon virginicus",37.1892976116231,1.68965267947174,80,33.8267816195818,40.5518136036643,"Emmeans test"
9.06033333333333,"Aristida beyrichiana",44.3073217128104,1.66055025943689,80,41.0027213823505,47.6119220432703,"Emmeans test"
9.06033333333333,"Eragrostis spectabilis",48.6491293530171,1.76265327454171,80,45.1413375469972,52.1569211590369,"Emmeans test"
9.06033333333333,"Eustachys petraea",43.3401213024089,1.67779552899937,80,40.001201791803,46.6790408130148,"Emmeans test"
9.06033333333333,"Schizachyrium stoloniferum",38.2253676776804,1.68228369586955,80,34.8775164303576,41.5732189250031,"Emmeans test"
9.06033333333333,"Sorghastrum secundum",32.1520144801979,1.80802770390421,80,28.5539246820435,35.7501042783523,"Emmeans test"
9.06033333333333,"Sprobulus juncus",40.9567375835074,1.64556986556658,80,37.6819491869248,44.2315259800901,"Emmeans test"
