"PC1","PC2","Flammability"
"Flame Duration",-1.88549530843499,-0.515424286303945,"Flame Duration"
"Smolder Time",0.068887783101001,1.95922063640852,"Smolder Time"
"Flame Height",1.80691952086979,0.237776976135409,"Flame Height"
"Mass Loss",1.28711717858733,-1.19370662227213,"Mass Loss"
