"FB","Species","emmean","se","df","conf.low","conf.high","method"
9.06033333333333,"Andropogon glomeratus",0.592301932774747,0.0459568217362338,80,0.500844942880357,0.683758922669137,"Emmeans test"
9.06033333333333,"Andropogon ternarius",0.66741915258526,0.047177677820246,80,0.573532581655461,0.761305723515058,"Emmeans test"
9.06033333333333,"Andropogon virginicus",0.601597672539611,0.0416573071093288,80,0.518696989433373,0.684498355645849,"Emmeans test"
9.06033333333333,"Aristida beyrichiana",0.496121102852037,0.040939805540074,80,0.414648293373465,0.577593912330608,"Emmeans test"
9.06033333333333,"Eragrostis spectabilis",0.682165399995047,0.0434570901327513,80,0.595683034527701,0.768647765462393,"Emmeans test"
9.06033333333333,"Eustachys petraea",0.549218529267307,0.0413649766412569,80,0.466899602332497,0.631537456202117,"Emmeans test"
9.06033333333333,"Schizachyrium stoloniferum",0.608315375973745,0.0414756295274627,80,0.52577624277764,0.690854509169849,"Emmeans test"
9.06033333333333,"Sorghastrum secundum",0.476455867432493,0.0445757676940209,80,0.387747262670286,0.565164472194699,"Emmeans test"
9.06033333333333,"Sprobulus juncus",0.371404966579755,0.0405704735018061,80,0.290667151280838,0.452142781878672,"Emmeans test"
