"FB","Species","emmean","se","df","conf.low","conf.high","method"
9.06033333333333,"Andropogon glomeratus",86.885271376479,1.59062637916828,80,83.7198240024138,90.0507187505442,"Emmeans test"
9.06033333333333,"Andropogon ternarius",90.0698134598671,1.63288182284416,80,86.8202750729937,93.3193518467405,"Emmeans test"
9.06033333333333,"Andropogon virginicus",91.1792685691418,1.44181449173127,80,88.3099662889129,94.0485708493708,"Emmeans test"
9.06033333333333,"Aristida beyrichiana",88.4280436250904,1.41698081350823,80,85.6081619395083,91.2479253106724,"Emmeans test"
9.06033333333333,"Eragrostis spectabilis",92.8615748668211,1.50410736242337,80,89.8683058232228,95.8548439104193,"Emmeans test"
9.06033333333333,"Eustachys petraea",89.2463456354397,1.43169654761802,80,86.3971787056888,92.0955125651906,"Emmeans test"
9.06033333333333,"Schizachyrium stoloniferum",91.7369205844826,1.43552639035041,80,88.8801320248009,94.5937091441644,"Emmeans test"
9.06033333333333,"Sorghastrum secundum",84.7830651087483,1.54282627229385,80,81.712742978906,87.8533872385906,"Emmeans test"
9.06033333333333,"Sprobulus juncus",74.42969677393,1.40419774321428,80,71.6352542089512,77.2241393389088,"Emmeans test"
