"FB","Species","emmean","se","df","conf.low","conf.high","method"
3.56844444444444,"Andropogon glomeratus",86.8806275383237,1.59060987934702,80,83.7152129999493,90.0460420766982,"Emmeans test"
3.56844444444444,"Andropogon ternarius",90.0754177844935,1.63322296330569,80,86.825200506466,93.3256350625209,"Emmeans test"
3.56844444444444,"Andropogon virginicus",91.1812104533163,1.44168070716253,80,88.3121744128639,94.0502464937686,"Emmeans test"
3.56844444444444,"Aristida beyrichiana",88.4262332590268,1.41701915056304,80,85.6062752802743,91.2461912377794,"Emmeans test"
3.56844444444444,"Eragrostis spectabilis",92.8649291873488,1.50404646887906,80,89.8717813257656,95.8580770489319,"Emmeans test"
3.56844444444444,"Eustachys petraea",89.2449842585695,1.4314678143457,80,86.396272522537,92.0936959946019,"Emmeans test"
3.56844444444444,"Schizachyrium stoloniferum",91.7389493462889,1.4354832089531,80,88.8822467203264,94.5956519722514,"Emmeans test"
3.56844444444444,"Sorghastrum secundum",84.7790555465893,1.54280834633584,80,81.7087690905403,87.8493420026383,"Emmeans test"
3.56844444444444,"Sprobulus juncus",74.4285926260431,1.40417616909758,80,71.6341929949248,77.2229922571614,"Emmeans test"
