"FB","Species","emmean","se","df","conf.low","conf.high","method"
3.56844444444444,"Andropogon glomeratus",67.7515981640224,10.2141583454518,80,47.4247752618381,88.0784210662068,"Emmeans test"
3.56844444444444,"Andropogon ternarius",68.5710335501916,10.4877997912855,80,47.6996468161144,89.4424202842688,"Emmeans test"
3.56844444444444,"Andropogon virginicus",63.8656375353942,9.2578043288566,80,45.4420197794056,82.2892552913828,"Emmeans test"
3.56844444444444,"Aristida beyrichiana",78.9411955560848,9.09943925931742,80,60.8327343321906,97.0496567799791,"Emmeans test"
3.56844444444444,"Eragrostis spectabilis",79.1088125605369,9.65828830282065,80,59.8882062971639,98.32941882391,"Emmeans test"
3.56844444444444,"Eustachys petraea",92.9898778442534,9.1922218716176,80,74.6967733374921,111.282982351015,"Emmeans test"
3.56844444444444,"Schizachyrium stoloniferum",84.4510627488872,9.21800687199517,80,66.1066444560575,102.795481041717,"Emmeans test"
3.56844444444444,"Sorghastrum secundum",86.0079989719728,9.90719908808067,80,66.2920444596981,105.723953484248,"Emmeans test"
3.56844444444444,"Sprobulus juncus",114.212783068656,9.01696759356259,80,96.2684456900706,132.157120447242,"Emmeans test"
