"FB","Species","emmean","se","df","conf.low","conf.high","method"
9.06404494382022,"Andropogon glomeratus",603.832355381871,54.2498053373157,79,495.850818943267,711.813891820475,"Emmeans test"
9.06404494382022,"Andropogon ternarius",527.234477759321,47.8624093528868,79,431.966735000747,622.502220517895,"Emmeans test"
9.06404494382022,"Andropogon virginicus",587.724754535911,52.8644564959177,79,482.50068598991,692.948823081912,"Emmeans test"
9.06404494382022,"Aristida beyrichiana",616.715428484683,47.0423387260846,79,523.079995477631,710.350861491735,"Emmeans test"
9.06404494382022,"Eragrostis spectabilis",597.878517172965,50.4414007051608,79,497.477420535076,698.279613810854,"Emmeans test"
9.06404494382022,"Eustachys petraea",507.422324351109,51.2632377164855,79,405.385402061254,609.459246640965,"Emmeans test"
9.06404494382022,"Schizachyrium stoloniferum",614.434447971809,49.9445169729696,79,515.022373663119,713.846522280498,"Emmeans test"
9.06404494382022,"Sorghastrum secundum",519.8401324687,47.5367131388882,79,425.22067180775,614.459593129649,"Emmeans test"
9.06404494382022,"Sprobulus juncus",611.465413590927,46.6121460780906,79,518.686257630514,704.24456955134,"Emmeans test"
